Metropolitan Oak International,89,Hartsfield-jackson Atlanta International
Dallas/Fort Worth International,1043,Hartsfield-jackson Atlanta International
Boise Air Terminal/Gowen Field,155,Hartsfield-jackson Atlanta International
Mineta San Jose International Airport,110,Hartsfield-jackson Atlanta International
Sacramento International,173,Hartsfield-jackson Atlanta International
Salt Lake City International,327,Hartsfield-jackson Atlanta International
San Diego International Airport,281,Hartsfield-jackson Atlanta International
Honolulu International,285,Hartsfield-jackson Atlanta International
San Francisco International,603,Hartsfield-jackson Atlanta International
Sky Harbor International,421,Hartsfield-jackson Atlanta International
Mc Carran International,589,Hartsfield-jackson Atlanta International
Detroit Metropolitan Wayne County,316,Hartsfield-jackson Atlanta International
Don Miguel Hidalgo y Costilla International,154,Hartsfield-jackson Atlanta International
Portland International,318,Hartsfield-jackson Atlanta International
Guangzhou Baiyun International,43,Hartsfield-jackson Atlanta International
John F Kennedy International,618,Hartsfield-jackson Atlanta International
Austin-bergstrom International,417,Hartsfield-jackson Atlanta International
Palm Springs Metropolitan Area,79,Hartsfield-jackson Atlanta International
Franz Josef Strauss,8,Hartsfield-jackson Atlanta International
Fresno Air Terminal Airport,96,Hartsfield-jackson Atlanta International
Nashville International,393,Hartsfield-jackson Atlanta International
Logan International,639,Hartsfield-jackson Atlanta International
Chicago Ohare International,990,Hartsfield-jackson Atlanta International
Ataturk Airport,103,Hartsfield-jackson Atlanta International
Taiwan Taoyuan International (Chiang Kai Shek International),104,Hartsfield-jackson Atlanta International
Raleigh-durham International Airport,522,Hartsfield-jackson Atlanta International
George Bush Intercontinental,317,Hartsfield-jackson Atlanta International
Seoul (Incheon),329,Hartsfield-jackson Atlanta International
Louis Armstrong New Orléans International Airport,473,Hartsfield-jackson Atlanta International
Charlotte Douglas,378,Hartsfield-jackson Atlanta International
Jacksonville,,436,Hartsfield-jackson Atlanta International
Denver International,465,Hartsfield-jackson Atlanta International
Heathrow,167,Hartsfield-jackson Atlanta International
Snohomish County - Paine Field,9,Hartsfield-jackson Atlanta International
Schiphol,213,Hartsfield-jackson Atlanta International
Indianapolis International,260,Hartsfield-jackson Atlanta International
Clinton Field,13,Hartsfield-jackson Atlanta International
Loreto,4,Hartsfield-jackson Atlanta International
Miami International Airport,946,Hartsfield-jackson Atlanta International
Seattle-Tacoma International,465,Hartsfield-jackson Atlanta International
Arcata,8,Hartsfield-jackson Atlanta International
Reno-Tahoe International,104,Hartsfield-jackson Atlanta International
Love Field,275,Hartsfield-jackson Atlanta International
Shanghai Pudong International,43,Hartsfield-jackson Atlanta International
Ted Stevens Anchorage International Airport,172,Hartsfield-jackson Atlanta International
Tucson International Airport,48,Hartsfield-jackson Atlanta International
Tampa International,500,Hartsfield-jackson Atlanta International
Fort Lauderdale–Hollywood International,452,Hartsfield-jackson Atlanta International
Cancún International,156,Hartsfield-jackson Atlanta International
Rogue Valley International - Medford Airport,28,Hartsfield-jackson Atlanta International
Orlando International,728,Hartsfield-jackson Atlanta International
Kingsford Smith,16,Hartsfield-jackson Atlanta International
Jorge Chavez International,82,Hartsfield-jackson Atlanta International
Memphis International,429,Hartsfield-jackson Atlanta International
Internacional Benito Juarez,358,Hartsfield-jackson Atlanta International
Hartsfield-jackson Atlanta International,114,Hartsfield-jackson Atlanta International
Newark Liberty International,556,Hartsfield-jackson Atlanta International
Narita International Airport,69,Hartsfield-jackson Atlanta International
Ronald Reagan Washington National Airport,825,Hartsfield-jackson Atlanta International
Midway,235,Hartsfield-jackson Atlanta International
Colorado Springs,19,Hartsfield-jackson Atlanta International
Doha International,10,Hartsfield-jackson Atlanta International
Zhengzhou,19,Hartsfield-jackson Atlanta International
Tullamarine,8,Hartsfield-jackson Atlanta International
Los Cabos,82,Hartsfield-jackson Atlanta International
Monterey Peninsula,23,Hartsfield-jackson Atlanta International
Kahului,27,Hartsfield-jackson Atlanta International
William P Hobby,216,Hartsfield-jackson Atlanta International
Kansas City International Airport,204,Hartsfield-jackson Atlanta International
Tulsa International,180,Hartsfield-jackson Atlanta International
Washington Dulles International,306,Hartsfield-jackson Atlanta International
International,418,Hartsfield-jackson Atlanta International
Redding,5,Hartsfield-jackson Atlanta International
Roberts Field,8,Hartsfield-jackson Atlanta International
Licenciado Gustavo Díaz Ordaz International,16,Hartsfield-jackson Atlanta International
Spokane International,31,Hartsfield-jackson Atlanta International
Gallatin Field,27,Hartsfield-jackson Atlanta International
Albuquerque International,56,Hartsfield-jackson Atlanta International
Jackson Hole,55,Hartsfield-jackson Atlanta International
San Antonio International,236,Hartsfield-jackson Atlanta International
Kona International Airport,50,Hartsfield-jackson Atlanta International
Lihue,12,Hartsfield-jackson Atlanta International
Haneda Airport,15,Hartsfield-jackson Atlanta International
Missoula International,3,Hartsfield-jackson Atlanta International
Philadelphia International,422,Hartsfield-jackson Atlanta International
Guam International,7,Hartsfield-jackson Atlanta International
Manzanillo,1,Hartsfield-jackson Atlanta International
Charles De Gaulle,138,Hartsfield-jackson Atlanta International
Brisbane International,12,Hartsfield-jackson Atlanta International
Beijing Capital International,2,Hartsfield-jackson Atlanta International
Southwest Florida International,764,Hartsfield-jackson Atlanta International
Litchfield,8,Hartsfield-jackson Atlanta International
El Salvador International,32,Hartsfield-jackson Atlanta International
Jose Joaquin De Olmedo,2,Hartsfield-jackson Atlanta International
Philip S. W. Goldson International,5,Hartsfield-jackson Atlanta International
Hangzhou,1,Hartsfield-jackson Atlanta International
Auckland International,10,Hartsfield-jackson Atlanta International
Francisco J. Múgica Internacional,15,Hartsfield-jackson Atlanta International
Vancouver International,8,Hartsfield-jackson Atlanta International
Mc Clellan-Palomar Airport,1,Hartsfield-jackson Atlanta International
Sun Valley,42,Hartsfield-jackson Atlanta International
Aspen,59,Hartsfield-jackson Atlanta International
Nadi International,2,Hartsfield-jackson Atlanta International
Eagle County,9,Hartsfield-jackson Atlanta International
Jinan,8,Hartsfield-jackson Atlanta International
Eugene,26,Hartsfield-jackson Atlanta International
Juan Santamaría International,32,Hartsfield-jackson Atlanta International
Del Bajío International,37,Hartsfield-jackson Atlanta International
Van Nuys,5,Hartsfield-jackson Atlanta International
Scottsdale Municipalcipal,8,Hartsfield-jackson Atlanta International
Aguascalients,6,Hartsfield-jackson Atlanta International
Imperial County,6,Hartsfield-jackson Atlanta International
Minneapolis - St. Paul International,360,Hartsfield-jackson Atlanta International
County-Foster,3,Hartsfield-jackson Atlanta International
Montrose Regional Airport,2,Hartsfield-jackson Atlanta International
Thermal,1,Hartsfield-jackson Atlanta International
Louisville International (Standiford Field),488,Hartsfield-jackson Atlanta International
Outagamie County,44,Hartsfield-jackson Atlanta International
Savannah/Hilton Head,330,Hartsfield-jackson Atlanta International
Piedmont Triad International,572,Hartsfield-jackson Atlanta International
Stewart,9,Hartsfield-jackson Atlanta International
Bermuda Dunes,1,Hartsfield-jackson Atlanta International
Yeager,115,Hartsfield-jackson Atlanta International
Ninoy Aquino International,1,Hartsfield-jackson Atlanta International
Metropolitan Airport,202,Hartsfield-jackson Atlanta International
Pensacola International Airport,255,Hartsfield-jackson Atlanta International
Santa Fe,1,Hartsfield-jackson Atlanta International
Westchester County Apt,65,Hartsfield-jackson Atlanta International
South Bend Regional,229,Hartsfield-jackson Atlanta International
T. F. Green Airport,174,Hartsfield-jackson Atlanta International
Huntsville International - Carl T. Jones Field,303,Hartsfield-jackson Atlanta International
Austin-straubel Field,350,Hartsfield-jackson Atlanta International
Gulfport-Biloxi International,75,Hartsfield-jackson Atlanta International
James Cox Dayton International,446,Hartsfield-jackson Atlanta International
Gerald R. Ford International,652,Hartsfield-jackson Atlanta International
Golden Triangle Reg.,155,Hartsfield-jackson Atlanta International
Pittsburgh International,277,Hartsfield-jackson Atlanta International
Adams Field Airport,267,Hartsfield-jackson Atlanta International
Cincinnati/Northern Kentucky,548,Hartsfield-jackson Atlanta International
Nassau International,44,Hartsfield-jackson Atlanta International
Lambert-St. Louis International,187,Hartsfield-jackson Atlanta International
Cyril E King Airport,34,Hartsfield-jackson Atlanta International
Findel,11,Hartsfield-jackson Atlanta International
Bush Field,306,Hartsfield-jackson Atlanta International
Hopkins International,297,Hartsfield-jackson Atlanta International
Richmond International Airport,436,Hartsfield-jackson Atlanta International
Eppley Airfield,312,Hartsfield-jackson Atlanta International
Dothan Airport,52,Hartsfield-jackson Atlanta International
Northwest Arkansas Regional,239,Hartsfield-jackson Atlanta International
Baltimore/Washington International Thurgood Marshall,275,Hartsfield-jackson Atlanta International
Will Rogers World Airport,253,Hartsfield-jackson Atlanta International
Bradley International,324,Hartsfield-jackson Atlanta International
Pierre Elliott Trudeau International,21,Hartsfield-jackson Atlanta International
Joe Foss Field Airport,87,Hartsfield-jackson Atlanta International
Sarasota/Bradenton International,258,Hartsfield-jackson Atlanta International
Luis Munoz Marin International,208,Hartsfield-jackson Atlanta International
Eastern Iowa Airport,68,Hartsfield-jackson Atlanta International
Eglin AFB,283,Hartsfield-jackson Atlanta International
Punta Cana International,11,Hartsfield-jackson Atlanta International
Lovell Field,356,Hartsfield-jackson Atlanta International
General Mitchell International,256,Hartsfield-jackson Atlanta International
Atlantic City International,1,Hartsfield-jackson Atlanta International
Sangster International,6,Hartsfield-jackson Atlanta International
Norfolk International Airport,388,Hartsfield-jackson Atlanta International
Central Illinois Regional Airport at Bloomington-Normal,240,Hartsfield-jackson Atlanta International
Municipal,251,Hartsfield-jackson Atlanta International
Des Moines International,63,Hartsfield-jackson Atlanta International
Albemarle,84,Hartsfield-jackson Atlanta International
Los Angeles International,489,Hartsfield-jackson Atlanta International
Municipal/Baer Field,248,Hartsfield-jackson Atlanta International
Asheville Regional Airport,223,Hartsfield-jackson Atlanta International
Port Columbus International,176,Hartsfield-jackson Atlanta International
Daytona Beach International Airport,314,Hartsfield-jackson Atlanta International
Dane County Regional,214,Hartsfield-jackson Atlanta International
Greenville Spartanburg International Airport,449,Hartsfield-jackson Atlanta International
Greater Rockford Airport,4,Hartsfield-jackson Atlanta International
Birmingham,287,Hartsfield-jackson Atlanta International
Albert J Ellis,423,Hartsfield-jackson Atlanta International
International Jetport,535,Hartsfield-jackson Atlanta International
Melbourne International Airport,392,Hartsfield-jackson Atlanta International
La Guardia,318,Hartsfield-jackson Atlanta International
Frankfurt International Airport,33,Hartsfield-jackson Atlanta International
Charleston, AFB Municipal,290,Hartsfield-jackson Atlanta International
Mc Ghee Tyson,427,Hartsfield-jackson Atlanta International
Ryan,192,Hartsfield-jackson Atlanta International
Roanoke Regional Airport,362,Hartsfield-jackson Atlanta International
Greater Rochester International,76,Hartsfield-jackson Atlanta International
Lester B. Pearson International,113,Hartsfield-jackson Atlanta International
Harrisburg International,161,Hartsfield-jackson Atlanta International
Blue Grass,287,Hartsfield-jackson Atlanta International
Mobile Regional Airport,221,Hartsfield-jackson Atlanta International
Gainesville Regional,208,Hartsfield-jackson Atlanta International
Jackson-evers,67,Hartsfield-jackson Atlanta International
Valdosta Regional Airport,119,Hartsfield-jackson Atlanta International
Albany International,72,Hartsfield-jackson Atlanta International
Lafayette Regional,106,Hartsfield-jackson Atlanta International
Sharjah International Airport,266,Hartsfield-jackson Atlanta International
NW Florida Beaches Int,125,Hartsfield-jackson Atlanta International
Quad-City,29,Hartsfield-jackson Atlanta International
Alexandria International,63,Hartsfield-jackson Atlanta International
Tallahassee Regional Airport,202,Hartsfield-jackson Atlanta International
Dannelly Field,272,Hartsfield-jackson Atlanta International
Daniel Oduber International,6,Hartsfield-jackson Atlanta International
Wilmington International,70,Hartsfield-jackson Atlanta International
Myrtle Beach AFB,162,Hartsfield-jackson Atlanta International
Ingeniero Fernando Espinoza Gutiérrez International,1,Hartsfield-jackson Atlanta International
Hilton Head,55,Hartsfield-jackson Atlanta International
Mid-Continent,90,Hartsfield-jackson Atlanta International
Buffalo Niagara International,258,Hartsfield-jackson Atlanta International
Lehigh Valley International,26,Hartsfield-jackson Atlanta International
Dougherty County,215,Hartsfield-jackson Atlanta International
Aeropuerto de las Américas,80,Hartsfield-jackson Atlanta International
Springfield-Branson Rg,39,Hartsfield-jackson Atlanta International
Tri-cities Regional,160,Hartsfield-jackson Atlanta International
Glynco Jetport,149,Hartsfield-jackson Atlanta International
Evansville Regional Airport,156,Hartsfield-jackson Atlanta International
Sheffield,38,Hartsfield-jackson Atlanta International
Ontario International,16,Hartsfield-jackson Atlanta International
Leonardo Da Vinci (Fiumicino),1,Hartsfield-jackson Atlanta International
Barkley Regional,2,Hartsfield-jackson Atlanta International
Aeroporto Internacional Guarulhos,25,Hartsfield-jackson Atlanta International
Syracuse Hancock International Airport,101,Hartsfield-jackson Atlanta International
Norman Manley,2,Hartsfield-jackson Atlanta International
Mc Kellar-Sipes Regional,4,Hartsfield-jackson Atlanta International
Ramon Villeda Morales International,4,Hartsfield-jackson Atlanta International
Exuma International,8,Hartsfield-jackson Atlanta International
La Aurora,8,Hartsfield-jackson Atlanta International
El Paso International Airport,4,Hartsfield-jackson Atlanta International
Liege Airport,7,Hartsfield-jackson Atlanta International
John Wayne,52,Hartsfield-jackson Atlanta International
Chennault International.,1,Hartsfield-jackson Atlanta International
L. F. Wade International,16,Hartsfield-jackson Atlanta International
El Nuevo Dorado International,4,Hartsfield-jackson Atlanta International
Tocumen International,4,Hartsfield-jackson Atlanta International
Page Field,1,Hartsfield-jackson Atlanta International
Mariscal Sucre,16,Hartsfield-jackson Atlanta International
Arturo Merino Benitez,86,Hartsfield-jackson Atlanta International
Murtala Muhammed,3,Hartsfield-jackson Atlanta International
Hewanorra,60,Hartsfield-jackson Atlanta International
Mobile Downtown,2,Hartsfield-jackson Atlanta International
