Manzanillo,12,Los Angeles International
Metropolitan Oak International,232,Los Angeles International
Love Field,320,Los Angeles International
Denver International,1905,Los Angeles International
Dallas/Fort Worth International,2644,Los Angeles International
Boise Air Terminal/Gowen Field,809,Los Angeles International
George Bush Intercontinental,1598,Los Angeles International
Seattle-Tacoma International,1251,Los Angeles International
Mineta San Jose International Airport,561,Los Angeles International
Sacramento International,857,Los Angeles International
Salt Lake City International,1364,Los Angeles International
John F Kennedy International,2086,Los Angeles International
Portland International,940,Los Angeles International
San Diego International Airport,344,Los Angeles International
Honolulu International,2616,Los Angeles International
Chicago Ohare International,2067,Los Angeles International
Sky Harbor International,1271,Los Angeles International
San Francisco International,1924,Los Angeles International
Hartsfield-jackson Atlanta International,1200,Los Angeles International
Mc Carran International,1924,Los Angeles International
Schiphol,470,Los Angeles International
Detroit Metropolitan Wayne County,467,Los Angeles International
Don Miguel Hidalgo y Costilla International,542,Los Angeles International
Charlotte Douglas,474,Los Angeles International
Ninoy Aquino International,23,Los Angeles International
Internacional Benito Juarez,1216,Los Angeles International
Haneda Airport,246,Los Angeles International
El Salvador International,390,Los Angeles International
Guangzhou Baiyun International,47,Los Angeles International
Austin-bergstrom International,988,Los Angeles International
Heathrow,709,Los Angeles International
Palm Springs Metropolitan Area,236,Los Angeles International
Franz Josef Strauss,17,Los Angeles International
Fresno Air Terminal Airport,332,Los Angeles International
Nashville International,1174,Los Angeles International
Logan International,554,Los Angeles International
Orlando International,1239,Los Angeles International
Ataturk Airport,451,Los Angeles International
William P Hobby,170,Los Angeles International
Beijing Capital International,83,Los Angeles International
Albuquerque International,582,Los Angeles International
Taiwan Taoyuan International (Chiang Kai Shek International),628,Los Angeles International
Raleigh-durham International Airport,310,Los Angeles International
Narita International Airport,355,Los Angeles International
Jorge Chavez International,119,Los Angeles International
Shanghai Pudong International,955,Los Angeles International
Fort Lauderdale–Hollywood International,574,Los Angeles International
Hopkins International,93,Los Angeles International
Pittsburgh International,70,Los Angeles International
Newark Liberty International,894,Los Angeles International
Seoul (Incheon),1386,Los Angeles International
Ted Stevens Anchorage International Airport,343,Los Angeles International
Singapore Changi,392,Los Angeles International
Louis Armstrong New Orléans International Airport,832,Los Angeles International
Fort Worth Alliance,36,Los Angeles International
Hong Kong International,60,Los Angeles International
Sonoma County,40,Los Angeles International
Jacksonville,,83,Los Angeles International
Cancún International,323,Los Angeles International
Internacional,25,Los Angeles International
Provo,5,Los Angeles International
Snohomish County - Paine Field,42,Los Angeles International
Daniel Oduber International,91,Los Angeles International
Imperial County,262,Los Angeles International
Indianapolis International,78,Los Angeles International
Clinton Field,13,Los Angeles International
Loreto,9,Los Angeles International
Miami International Airport,1007,Los Angeles International
Jeffco,1,Los Angeles International
Arcata,32,Los Angeles International
Reno-Tahoe International,869,Los Angeles International
Merced Municipal Airport,132,Los Angeles International
Van Nuys,7,Los Angeles International
Tucson International Airport,293,Los Angeles International
Xiamen,8,Los Angeles International
Stewart,16,Los Angeles International
Cincinnati/Northern Kentucky,759,Los Angeles International
Nanjing Lukou International Airport,39,Los Angeles International
Washington Dulles International,452,Los Angeles International
Tampa International,767,Los Angeles International
Frankfurt International Airport,229,Los Angeles International
Sharjah International Airport,38,Los Angeles International
Philadelphia International,179,Los Angeles International
Arturo Merino Benitez,15,Los Angeles International
Rogue Valley International - Medford Airport,179,Los Angeles International
Licenciado Gustavo Díaz Ordaz International,310,Los Angeles International
Auckland International,50,Los Angeles International
Kingsford Smith,563,Los Angeles International
Kahului,418,Los Angeles International
Minneapolis - St. Paul International,194,Los Angeles International
Memphis International,258,Los Angeles International
La Aurora,225,Los Angeles International
Spokane International,247,Los Angeles International
Ronald Reagan Washington National Airport,1035,Los Angeles International
San Antonio International,214,Los Angeles International
Findel,17,Los Angeles International
Midway,96,Los Angeles International
Colorado Springs,125,Los Angeles International
Doha International,101,Los Angeles International
Fuzhou,60,Los Angeles International
Zhengzhou,205,Los Angeles International
Tullamarine,4,Los Angeles International
Kansas City International Airport,51,Los Angeles International
Kona International Airport,260,Los Angeles International
Los Cabos,400,Los Angeles International
Will Rogers World Airport,60,Los Angeles International
Ben Gurion International,26,Los Angeles International
Monterey Peninsula,67,Los Angeles International
Livermore,5,Los Angeles International
Juan Santamaría International,87,Los Angeles International
Shenzhen,6,Los Angeles International
Tulsa International,24,Los Angeles International
Lihue,124,Los Angeles International
International,75,Los Angeles International
Bush Field,18,Los Angeles International
Redding,1,Los Angeles International
Roberts Field,16,Los Angeles International
Tocumen International,436,Los Angeles International
Gen Rafael Buelna,13,Los Angeles International
Gallatin Field,381,Los Angeles International
Bellingham,15,Los Angeles International
Lambert-St. Louis International,75,Los Angeles International
Baltimore/Washington International Thurgood Marshall,91,Los Angeles International
Jackson Hole,251,Los Angeles International
Dubai,48,Los Angeles International
Missoula International,9,Los Angeles International
Lester B. Pearson International,26,Los Angeles International
Del Bajío International,31,Los Angeles International
Guam International,14,Los Angeles International
Charles De Gaulle,138,Los Angeles International
Brisbane International,9,Los Angeles International
Xoxocotlan,5,Los Angeles International
Chu-Bu Centrair International (Central Japan International),20,Los Angeles International
Liege Airport,17,Los Angeles International
Southwest Florida International,153,Los Angeles International
Litchfield,1,Los Angeles International
Prescott,36,Los Angeles International
General Mitchell International,16,Los Angeles International
Jose Joaquin De Olmedo,8,Los Angeles International
John Wayne,11,Los Angeles International
Eugene,39,Los Angeles International
Philip S. W. Goldson International,4,Los Angeles International
Hangzhou,1,Los Angeles International
Christchurch International,36,Los Angeles International
Henderson Executive,4,Los Angeles International
Bermuda Dunes,10,Los Angeles International
Francisco J. Múgica Internacional,22,Los Angeles International
Vancouver International,15,Los Angeles International
Mc Clellan-Palomar Airport,3,Los Angeles International
Page,1,Los Angeles International
Aspen,192,Los Angeles International
Sun Valley,81,Los Angeles International
Teterboro,1,Los Angeles International
Nadi International,8,Los Angeles International
Eagle County,31,Los Angeles International
Jinan,4,Los Angeles International
Barajas,1,Los Angeles International
Sheremetyevo International,22,Los Angeles International
Yampa Valley,16,Los Angeles International
Holy Cross,1,Los Angeles International
Montrose Regional Airport,26,Los Angeles International
Scottsdale Municipalcipal,4,Los Angeles International
Aguascalients,18,Los Angeles International
Travis AFB,4,Los Angeles International
Charleston, AFB Municipal,56,Los Angeles International
County-Foster,5,Los Angeles International
Walker Field,1,Los Angeles International
Thermal,4,Los Angeles International
Spirit Of St Louis,1,Los Angeles International
La Calera,1,Los Angeles International
Louisville International (Standiford Field),186,Los Angeles International
Bradley International,37,Los Angeles International
Douglas County,10,Los Angeles International
Greater Rockford Airport,4,Los Angeles International
Zurich,11,Los Angeles International
Napa County,1,Los Angeles International
Savannah/Hilton Head,68,Los Angeles International
Ontario International,1,Los Angeles International
Pendleton,1,Los Angeles International
Santa Fe,1,Los Angeles International
Los Angeles International,90,Los Angeles International
T. F. Green Airport,14,Los Angeles International
Austin-straubel Field,30,Los Angeles International
James Cox Dayton International,83,Los Angeles International
Gerald R. Ford International,56,Los Angeles International
Golden Triangle Reg.,19,Los Angeles International
Adams Field Airport,18,Los Angeles International
Richmond International Airport,96,Los Angeles International
Eppley Airfield,18,Los Angeles International
Northwest Arkansas Regional,50,Los Angeles International
Metropolitan Airport,30,Los Angeles International
Pierre Elliott Trudeau International,13,Los Angeles International
Yeager,26,Los Angeles International
Eastern Iowa Airport,3,Los Angeles International
Outagamie County,4,Los Angeles International
Eglin AFB,53,Los Angeles International
Lovell Field,103,Los Angeles International
Sangster International,4,Los Angeles International
Norfolk International Airport,19,Los Angeles International
Central Illinois Regional Airport at Bloomington-Normal,33,Los Angeles International
Albemarle,31,Los Angeles International
Asheville Regional Airport,49,Los Angeles International
Cyril E King Airport,12,Los Angeles International
Daytona Beach International Airport,11,Los Angeles International
Huntsville International - Carl T. Jones Field,73,Los Angeles International
Greenville Spartanburg International Airport,114,Los Angeles International
Sarasota/Bradenton International,44,Los Angeles International
International Jetport,30,Los Angeles International
Municipal/Baer Field,73,Los Angeles International
Melbourne International Airport,17,Los Angeles International
La Guardia,65,Los Angeles International
Roanoke Regional Airport,63,Los Angeles International
Greater Rochester International,30,Los Angeles International
Dothan Airport,8,Los Angeles International
Blue Grass,12,Los Angeles International
Dane County Regional,55,Los Angeles International
Jackson-evers,38,Los Angeles International
Valdosta Regional Airport,16,Los Angeles International
Albany International,25,Los Angeles International
Lafayette Regional,16,Los Angeles International
Municipal,74,Los Angeles International
NW Florida Beaches Int,29,Los Angeles International
Mc Ghee Tyson,26,Los Angeles International
Des Moines International,12,Los Angeles International
Tallahassee Regional Airport,29,Los Angeles International
Dannelly Field,44,Los Angeles International
Piedmont Triad International,91,Los Angeles International
Luis Munoz Marin International,39,Los Angeles International
Wilmington International,1,Los Angeles International
Gainesville Regional,8,Los Angeles International
Mid-Continent,79,Los Angeles International
Buffalo Niagara International,62,Los Angeles International
Dougherty County,28,Los Angeles International
Springfield-Branson Rg,4,Los Angeles International
Port Columbus International,17,Los Angeles International
Birmingham,101,Los Angeles International
South Bend Regional,21,Los Angeles International
Leonardo Da Vinci (Fiumicino),4,Los Angeles International
Barkley Regional,10,Los Angeles International
Ryan,3,Los Angeles International
Syracuse Hancock International Airport,20,Los Angeles International
Sheffield,1,Los Angeles International
Gulfport-Biloxi International,8,Los Angeles International
Mobile Regional Airport,14,Los Angeles International
Glynco Jetport,15,Los Angeles International
Evansville Regional Airport,14,Los Angeles International
Tri-cities Regional,15,Los Angeles International
El Paso International Airport,8,Los Angeles International
Quad-City,13,Los Angeles International
Harrisburg International,18,Los Angeles International
Pensacola International Airport,17,Los Angeles International
Myrtle Beach AFB,7,Los Angeles International
Lehigh Valley International,6,Los Angeles International
Alexandria International,29,Los Angeles International
Albert J Ellis,16,Los Angeles International
Page Field,2,Los Angeles International
Mariscal Sucre,8,Los Angeles International
Hewanorra,9,Los Angeles International
